{
  "0 1": {
    "class": 1,
    "mean": 0.7459531463228688,
    "max": 1.0,
    "min": 0.07504027705580074,
    "std": 0.0782867757901096
  },
  "0 2": {
    "class": 2,
    "mean": 0.6070415866834676,
    "max": 0.9913868078472632,
    "min": 0.09304751135754608,
    "std": 0.11019864164565997
  },
  "0 3": {
    "class": 3,
    "mean": 0.5921245688733885,
    "max": 0.995278052592792,
    "min": 0.10326888203189766,
    "std": 0.11452228442168577
  },
  "0 4": {
    "class": 4,
    "mean": 0.6486663873837475,
    "max": 0.9997042311527295,
    "min": 0.10075845089014335,
    "std": 0.10592283750613476
  },
  "0 5": {
    "class": 5,
    "mean": 0.5786132993362529,
    "max": 0.9908706252575815,
    "min": 0.12739007261228785,
    "std": 0.1251722818425665
  },
  "0 6": {
    "class": 6,
    "mean": 0.5954719500503228,
    "max": 1.0,
    "min": 0.07113407456751253,
    "std": 0.13505211872271494
  },
  "0 7": {
    "class": 7,
    "mean": 0.6494733902309583,
    "max": 0.9981460412504481,
    "min": 0.16931877345437096,
    "std": 0.10125405087149991
  },
  "0 8": {
    "class": 8,
    "mean": 0.5815417142535959,
    "max": 0.9825135941555568,
    "min": 0.0764746231746729,
    "std": 0.10739148225720337
  },
  "0 9": {
    "class": 9,
    "mean": 0.6303858824656219,
    "max": 0.9992047999924591,
    "min": 0.100781464115975,
    "std": 0.11118551763868055
  },
  "1 2": {
    "class": 2,
    "mean": 0.6309292338219649,
    "max": 0.9935511460205712,
    "min": 0.07712987341073319,
    "std": 0.10855278820522438
  },
  "1 3": {
    "class": 3,
    "mean": 0.6227759339736456,
    "max": 0.9953103899797598,
    "min": 0.08977939704694504,
    "std": 0.09469925606938366
  },
  "1 4": {
    "class": 4,
    "mean": 0.7138109133324119,
    "max": 0.9995131190088884,
    "min": 0.08739373801080741,
    "std": 0.12276342888785231
  },
  "1 5": {
    "class": 5,
    "mean": 0.6725956017851719,
    "max": 0.993985255928213,
    "min": 0.12253617332955136,
    "std": 0.09265131112381395
  },
  "1 6": {
    "class": 6,
    "mean": 0.6647435647795383,
    "max": 0.9946265284052752,
    "min": 0.095908892860596,
    "std": 0.10958978682287963
  },
  "1 7": {
    "class": 7,
    "mean": 0.6846814867413411,
    "max": 0.9995112322510507,
    "min": 0.062040113555202,
    "std": 0.13419840983458714
  },
  "1 8": {
    "class": 8,
    "mean": 0.5718970287255422,
    "max": 0.9554804158033321,
    "min": 0.06049219099213421,
    "std": 0.10390590804955827
  },
  "1 9": {
    "class": 9,
    "mean": 0.6605102599245277,
    "max": 0.9789475377444019,
    "min": 0.08282682325733315,
    "std": 0.11271818869951805
  },
  "2 3": {
    "class": 3,
    "mean": 0.590514582088359,
    "max": 1.0,
    "min": 0.10470550937061984,
    "std": 0.1152504366427481
  },
  "2 4": {
    "class": 4,
    "mean": 0.6259296460720842,
    "max": 0.9839209125415226,
    "min": 0.15819397788578304,
    "std": 0.09681463969044346
  },
  "2 5": {
    "class": 5,
    "mean": 0.6398887838533843,
    "max": 0.9777179918687846,
    "min": 0.13058597793850224,
    "std": 0.09387079196728838
  },
  "2 6": {
    "class": 6,
    "mean": 0.5674655445829074,
    "max": 0.9754050926167254,
    "min": 0.09178089369689524,
    "std": 0.09046493658334617
  },
  "2 7": {
    "class": 7,
    "mean": 0.6556145171262305,
    "max": 0.9875256657065297,
    "min": 0.12083486727471082,
    "std": 0.11210945191501587
  },
  "2 8": {
    "class": 8,
    "mean": 0.5527270860192974,
    "max": 0.9503782265748534,
    "min": 0.10937220395160652,
    "std": 0.09882077487175556
  },
  "2 9": {
    "class": 9,
    "mean": 0.6220396006375868,
    "max": 0.9690498483571867,
    "min": 0.12862811721107337,
    "std": 0.09724478228225798
  },
  "3 4": {
    "class": 4,
    "mean": 0.6438307494972166,
    "max": 0.9924079463413819,
    "min": 0.17793767580559183,
    "std": 0.10105748555017309
  },
  "3 5": {
    "class": 5,
    "mean": 0.5706978403777939,
    "max": 0.9962157206935899,
    "min": 0.0856397094772352,
    "std": 0.12739722983953775
  },
  "3 6": {
    "class": 6,
    "mean": 0.6239657709080604,
    "max": 0.9776781923614999,
    "min": 0.11657733044831475,
    "std": 0.10050128197513937
  },
  "3 7": {
    "class": 7,
    "mean": 0.6367477865570874,
    "max": 0.994665569833357,
    "min": 0.08534900967037962,
    "std": 0.09963314698701262
  },
  "3 8": {
    "class": 8,
    "mean": 0.5303680605508355,
    "max": 0.9616260055660283,
    "min": 0.07974779230976148,
    "std": 0.11095959105814729
  },
  "3 9": {
    "class": 9,
    "mean": 0.5999506813352812,
    "max": 0.9865476783359429,
    "min": 0.08936685119385146,
    "std": 0.10455208356495588
  },
  "4 5": {
    "class": 5,
    "mean": 0.6338309443553495,
    "max": 0.9918622255230977,
    "min": 0.18037426597736583,
    "std": 0.10380244868580817
  },
  "4 6": {
    "class": 6,
    "mean": 0.5901196505669813,
    "max": 0.9715680547970525,
    "min": 0.13990583568324233,
    "std": 0.09916127873638804
  },
  "4 7": {
    "class": 7,
    "mean": 0.5977212949276696,
    "max": 0.9920810308701444,
    "min": 0.07877218261786212,
    "std": 0.1165911843838357
  },
  "4 8": {
    "class": 8,
    "mean": 0.5771112258624201,
    "max": 0.9799714428962617,
    "min": 0.12561920307720298,
    "std": 0.10535221572957285
  },
  "4 9": {
    "class": 9,
    "mean": 0.5241422033569054,
    "max": 0.9794760917430892,
    "min": 0.07900839521174341,
    "std": 0.1296064648817394
  },
  "5 6": {
    "class": 6,
    "mean": 0.6167609848244465,
    "max": 0.9927081839810956,
    "min": 0.06029459469849108,
    "std": 0.11282014576616646
  },
  "5 7": {
    "class": 7,
    "mean": 0.6478178870483894,
    "max": 1.0,
    "min": 0.1746553777049521,
    "std": 0.10029858378804808
  },
  "5 8": {
    "class": 8,
    "mean": 0.5530775042943746,
    "max": 0.9796176460299405,
    "min": 0.0949639502894064,
    "std": 0.11139297135425043
  },
  "5 9": {
    "class": 9,
    "mean": 0.6010540679603095,
    "max": 0.9883169174837636,
    "min": 0.10706955801497697,
    "std": 0.11352578601142356
  },
  "6 7": {
    "class": 7,
    "mean": 0.6642741472616845,
    "max": 0.9867030316051378,
    "min": 0.1663339864135922,
    "std": 0.07998055057580318
  },
  "6 8": {
    "class": 8,
    "mean": 0.5711288048504899,
    "max": 0.972314880378828,
    "min": 0.08666022174243737,
    "std": 0.0990643412682876
  },
  "6 9": {
    "class": 9,
    "mean": 0.5960875443662803,
    "max": 0.9789375293056972,
    "min": 0.1548896200424602,
    "std": 0.09128810531732817
  },
  "7 8": {
    "class": 8,
    "mean": 0.5939569336740523,
    "max": 0.9809571679239868,
    "min": 0.09727937446009693,
    "std": 0.10910236754602368
  },
  "7 9": {
    "class": 9,
    "mean": 0.5329403414232706,
    "max": 0.9867836013621565,
    "min": 0.06356978633457899,
    "std": 0.12833250142650643
  },
  "8 9": {
    "class": 9,
    "mean": 0.5385784650313542,
    "max": 0.9475679036154517,
    "min": 0.07323661377518098,
    "std": 0.10967385181982899
  }
}