{
  "0 1": {
    "class": 1,
    "mean": 0.1840604798318159,
    "max": 0.9270481984798681,
    "min": 0.01117439120445618
  },
  "0 2": {
    "class": 2,
    "mean": 0.15142853787767252,
    "max": 0.90990942992857,
    "min": 0.0029648770111909695
  },
  "0 3": {
    "class": 3,
    "mean": 0.18360946669144962,
    "max": 0.9603940428912195,
    "min": 0.0070573813511837225
  },
  "0 4": {
    "class": 4,
    "mean": 0.15794428874645922,
    "max": 0.9071078009853796,
    "min": 0.005054358347421961
  },
  "0 5": {
    "class": 5,
    "mean": 0.1814939902319173,
    "max": 0.8749808743821411,
    "min": 0.006628417967907363
  },
  "0 6": {
    "class": 6,
    "mean": 0.1748827398933887,
    "max": 0.9526527738009881,
    "min": 0.005426496960880156
  },
  "0 7": {
    "class": 7,
    "mean": 0.17235566254341136,
    "max": 0.9137491621837219,
    "min": 0.007946386862512034
  },
  "0 8": {
    "class": 8,
    "mean": 0.14071111325764585,
    "max": 0.8781485851799256,
    "min": 0.003389658198415968
  },
  "0 9": {
    "class": 9,
    "mean": 0.16874312371425532,
    "max": 0.9366574281775687,
    "min": 0.012262731593043474
  },
  "1 2": {
    "class": 2,
    "mean": 0.1948090466793482,
    "max": 0.9138476650608196,
    "min": 0.01405478975836627
  },
  "1 3": {
    "class": 3,
    "mean": 0.22374107920881373,
    "max": 0.9447774721860084,
    "min": 0.01391356072760308
  },
  "1 4": {
    "class": 4,
    "mean": 0.1993624075478946,
    "max": 0.9387729607881113,
    "min": 0.010986986055391501
  },
  "1 5": {
    "class": 5,
    "mean": 0.22151325534393787,
    "max": 0.8904446401643255,
    "min": 0.01782154609207165
  },
  "1 6": {
    "class": 6,
    "mean": 0.2101417823121002,
    "max": 0.9323188275172873,
    "min": 0.014994916390813517
  },
  "1 7": {
    "class": 7,
    "mean": 0.21484173557161712,
    "max": 0.9137084077887199,
    "min": 0.020113291781484577
  },
  "1 8": {
    "class": 8,
    "mean": 0.1880843927435644,
    "max": 0.9241641929575382,
    "min": 0.008367984470035283
  },
  "1 9": {
    "class": 9,
    "mean": 0.20941659098512946,
    "max": 0.9127617138706311,
    "min": 0.01574855980196055
  },
  "2 3": {
    "class": 3,
    "mean": 0.1834155335551592,
    "max": 0.9160995700963445,
    "min": 0.007510256962108053
  },
  "2 4": {
    "class": 4,
    "mean": 0.15464855313897616,
    "max": 0.8753285190404403,
    "min": 0.003888045399769724
  },
  "2 5": {
    "class": 5,
    "mean": 0.17967805682118532,
    "max": 0.8825171776092036,
    "min": 0.006734827897497353
  },
  "2 6": {
    "class": 6,
    "mean": 0.16912253275371428,
    "max": 0.9545756620672654,
    "min": 0.006349374944931929
  },
  "2 7": {
    "class": 7,
    "mean": 0.17478461800728903,
    "max": 0.8936744560628769,
    "min": 0.008762272675771565
  },
  "2 8": {
    "class": 8,
    "mean": 0.16218807069718622,
    "max": 0.875429344616342,
    "min": 0.005263572720910825
  },
  "2 9": {
    "class": 9,
    "mean": 0.18649222507529642,
    "max": 0.9076505803288035,
    "min": 0.01345427265738397
  },
  "3 4": {
    "class": 4,
    "mean": 0.18205059592839487,
    "max": 0.9240050957161833,
    "min": 0.008324773260716234
  },
  "3 5": {
    "class": 5,
    "mean": 0.20334065235038817,
    "max": 0.89995345635642,
    "min": 0.0060930184708337665
  },
  "3 6": {
    "class": 6,
    "mean": 0.19460569870577704,
    "max": 0.9686810449039742,
    "min": 0.008891315875636518
  },
  "3 7": {
    "class": 7,
    "mean": 0.2030405529880913,
    "max": 0.9283895004864082,
    "min": 0.010123779194546545
  },
  "3 8": {
    "class": 8,
    "mean": 0.1951180718447809,
    "max": 0.8944914003568872,
    "min": 0.007702445617322806
  },
  "3 9": {
    "class": 9,
    "mean": 0.2190904094870212,
    "max": 0.9706552395066934,
    "min": 0.01598706102209857
  },
  "4 5": {
    "class": 5,
    "mean": 0.17740157182772756,
    "max": 0.8824390814973103,
    "min": 0.007057365102701496
  },
  "4 6": {
    "class": 6,
    "mean": 0.1662325505226534,
    "max": 0.9363149788426361,
    "min": 0.007261539634275338
  },
  "4 7": {
    "class": 7,
    "mean": 0.17497901247930128,
    "max": 0.8799985821681358,
    "min": 0.010444258652193783
  },
  "4 8": {
    "class": 8,
    "mean": 0.1717911970593844,
    "max": 0.8948993110058454,
    "min": 0.006009506589899849
  },
  "4 9": {
    "class": 9,
    "mean": 0.19535063207220618,
    "max": 0.9012647161047926,
    "min": 0.014652963487477466
  },
  "5 6": {
    "class": 6,
    "mean": 0.18966115320954668,
    "max": 0.9297891384649756,
    "min": 0.008574737494712936
  },
  "5 7": {
    "class": 7,
    "mean": 0.200752809745305,
    "max": 0.9084747714155784,
    "min": 0.010993102635129093
  },
  "5 8": {
    "class": 8,
    "mean": 0.19212810698942967,
    "max": 0.8763721278404,
    "min": 0.006987370272683924
  },
  "5 9": {
    "class": 9,
    "mean": 0.22005113346029662,
    "max": 0.9206865685720973,
    "min": 0.01906338993798118
  },
  "6 7": {
    "class": 7,
    "mean": 0.18959278594889797,
    "max": 0.9527617089945546,
    "min": 0.011395146340218987
  },
  "6 8": {
    "class": 8,
    "mean": 0.18501622729339454,
    "max": 0.943679408561782,
    "min": 0.006954186531212714
  },
  "6 9": {
    "class": 9,
    "mean": 0.20676737028466266,
    "max": 0.9471381058386471,
    "min": 0.018356803585915737
  },
  "7 8": {
    "class": 8,
    "mean": 0.18458824757042352,
    "max": 0.8779341636457756,
    "min": 0.01206523151010419
  },
  "7 9": {
    "class": 9,
    "mean": 0.20379832451854685,
    "max": 0.9386424167224169,
    "min": 0.017571311339727558
  },
  "8 9": {
    "class": 9,
    "mean": 0.17085532715869772,
    "max": 0.895664252561939,
    "min": 0.011037340218050584
  }
}