{
  "0 1": {"class": 1, "mean": 20.431920920814942, "max": 51.845333036062065, "min": 6.266414041250216},
  "0 2": {"class": 2, "mean": 18.991692798085943, "max": 51.66805348329904, "min": 3.5109868186860105},
  "0 3": {"class": 3, "mean": 20.395088621792947, "max": 51.20274985567769, "min": 4.750873302118966},
  "0 4": {"class": 4, "mean": 19.1279514118401, "max": 51.75777191350624, "min": 3.941515790978304},
  "0 5": {"class": 5, "mean": 20.19966900457859, "max": 48.75715125771358, "min": 4.534471670903946},
  "0 6": {"class": 6, "mean": 19.980560834050806, "max": 53.404142287115015, "min": 3.8323685316728677},
  "0 7": {"class": 7, "mean": 19.721885037998604, "max": 50.646182713593085, "min": 4.723503301649844},
  "0 8": {"class": 8, "mean": 18.508860974268377, "max": 51.56237068948704, "min": 2.750641434564599},
  "0 9": {"class": 9, "mean": 19.827121435755554, "max": 52.113767505388566, "min": 5.943976566445419},
  "1 2": {"class": 2, "mean": 19.12665612483011, "max": 51.85538709774603, "min": 6.178386555392605},
  "1 3": {"class": 3, "mean": 20.224756462547326, "max": 49.007915463322966, "min": 5.581099121238532},
  "1 4": {"class": 4, "mean": 18.71278644223093, "max": 49.22452745005496, "min": 5.824923726599157},
  "1 5": {"class": 5, "mean": 20.070236671356035, "max": 48.85572001138408, "min": 6.857687970428872},
  "1 6": {"class": 6, "mean": 19.08445113896074, "max": 51.10374944613327, "min": 5.955122589725601},
  "1 7": {"class": 7, "mean": 19.77910479163638, "max": 48.721223105168555, "min": 6.585869275504407},
  "1 8": {"class": 8, "mean": 19.630594049274233, "max": 49.74622904756513, "min": 5.688873095830361},
  "1 9": {"class": 9, "mean": 20.087350254612, "max": 50.04205215794833, "min": 6.548819006308541},
  "2 3": {"class": 3, "mean": 18.53526139571726, "max": 51.313788651892025, "min": 3.724546783741786},
  "2 4": {"class": 4, "mean": 16.76703021206137, "max": 51.78436459572672, "min": 3.042366501767409},
  "2 5": {"class": 5, "mean": 18.29440449640686, "max": 48.03748013712465, "min": 4.742211402490418},
  "2 6": {"class": 6, "mean": 17.336205893099212, "max": 53.414976563638774, "min": 3.5416199039669665},
  "2 7": {"class": 7, "mean": 18.077814816897526, "max": 50.57005150907294, "min": 4.726883191972912},
  "2 8": {"class": 8, "mean": 18.56418055602647, "max": 51.548735972185334, "min": 4.198196154048972},
  "2 9": {"class": 9, "mean": 19.21606675407158, "max": 52.0233883638278, "min": 6.191789684997688},
  "3 4": {"class": 4, "mean": 17.903169500405316, "max": 48.15482725029519, "min": 3.7077015757193283},
  "3 5": {"class": 5, "mean": 19.21839029108887, "max": 48.73828552148433, "min": 4.969334870041108},
  "3 6": {"class": 6, "mean": 18.340549618221495, "max": 50.18865442040212, "min": 4.425887736944927},
  "3 7": {"class": 7, "mean": 19.217505236176418, "max": 48.5165835238156, "min": 5.063938650171476},
  "3 8": {"class": 8, "mean": 19.958813856630684, "max": 48.31976889642979, "min": 4.7271987216129014},
  "3 9": {"class": 9, "mean": 20.487882061209028, "max": 49.27639478835177, "min": 5.934635784181371},
  "4 5": {"class": 5, "mean": 17.62305248542346, "max": 48.2522004190603, "min": 4.587095568511406},
  "4 6": {"class": 6, "mean": 16.45385546871455, "max": 48.75054172038572, "min": 3.1335787383104305},
  "4 7": {"class": 7, "mean": 17.541488499888263, "max": 48.51032568398584, "min": 4.926189503225051},
  "4 8": {"class": 8, "mean": 18.634956077694497, "max": 48.309692407973145, "min": 4.366289373133292},
  "4 9": {"class": 9, "mean": 19.09639278190389, "max": 47.9616503651952, "min": 6.081675380569942},
  "5 6": {"class": 6, "mean": 18.096788976243186, "max": 50.06642534886312, "min": 4.914789622200542},
  "5 7": {"class": 7, "mean": 19.02409098172743, "max": 47.80022396342608, "min": 5.665487386878723},
  "5 8": {"class": 8, "mean": 19.72351675834441, "max": 48.164522670137856, "min": 4.905120888209203},
  "5 9": {"class": 9, "mean": 20.44223442103191, "max": 49.34727484783947, "min": 6.655679778679214},
  "6 7": {"class": 7, "mean": 18.099813627457365, "max": 50.22600439831183, "min": 5.061922200216955},
  "6 8": {"class": 8, "mean": 19.328862055626768, "max": 50.16227349726839, "min": 3.950289386388263},
  "6 9": {"class": 9, "mean": 19.56448156776902, "max": 49.72403601945843, "min": 6.51069244615414},
  "7 8": {"class": 8, "mean": 19.3200221478947, "max": 48.32605641987325, "min": 5.098781378650178},
  "7 9": {"class": 9, "mean": 19.714695885070014, "max": 49.16090564378152, "min": 6.935397090120482},
  "8 9": {"class": 9, "mean": 19.002394115034537, "max": 48.99938289219605, "min": 5.653304215283971}}